{"stats":{"minecraft:custom":{"minecraft:time_since_rest":244545,"minecraft:play_one_minute":244545,"minecraft:crouch_one_cm":65,"minecraft:sprint_one_cm":432,"minecraft:walk_one_cm":361960,"minecraft:sneak_time":3192,"minecraft:interact_with_lectern":7,"minecraft:drop":1,"minecraft:jump":210,"minecraft:leave_game":25,"minecraft:time_since_death":244545,"minecraft:fly_one_cm":333618},"minecraft:used":{"minecraft:structure_block":12,"minecraft:debug_stick":12,"minecraft:writable_book":11,"minecraft:dirt":17,"minecraft:red_wool":7,"minecraft:command_block":20,"minecraft:dark_oak_pressure_plate":9,"minecraft:oak_slab":39,"minecraft:quartz_slab":16,"minecraft:redstone":1,"minecraft:birch_sign":10,"minecraft:lectern":1,"minecraft:smooth_quartz":173,"minecraft:redstone_block":8,"minecraft:dark_oak_button":6},"minecraft:picked_up":{"minecraft:oak_slab":1,"minecraft:arrow":1,"minecraft:dark_oak_button":1,"minecraft:bone":1,"minecraft:bread":5,"minecraft:redstone":3,"minecraft:dark_oak_pressure_plate":1},"minecraft:dropped":{"minecraft:oak_slab":1}},"DataVersion":1976}